Model,Weight
densenet121,0.19169476120443776
efficientnetb0,0.0
inceptionv3,0.7971905020882403
mobilenetv2,0.011114736707321701
resnet50,2.788996479564649e-16
