Model,Accuracy,Precision,Recall,F1_Score,AUC
Hybrid_Ensemble,0.884742041712404,0.8937616720172742,0.884742041712404,0.8831353894355738,0.994973738148458
